{"cameraMode":{"drawMode":0,"name":"Shaded","section":"Shading Mode"},"sceneLighting":true,"audioPlay":false,"sceneViewState":{"showFog":true,"showMaterialUpdate":true,"showSkybox":true,"showFlares":true,"showImageEffects":true,"showParticleSystems":true},"in2DMode":false,"pivot":{"x":-5.1702470779418949,"y":16.061325073242189,"z":7.001651287078857},"rotation":{"x":0.3085514307022095,"y":-0.27048826217651369,"z":0.09198799729347229,"w":0.9072873592376709},"size":38.329681396484378,"orthographic":false}